"conversation_id_str","created_at","favorite_count","full_text","id_str","image_url","in_reply_to_screen_name","lang","location","quote_count","reply_count","retweet_count","tweet_url","user_id_str","username"
"1867928940809199751","Sat Dec 14 15:27:45 +0000 2024","912","@geloraco Mengarang bebasnya persis kayak junjungannya Mulyono Nitiputro Nipunegoro https://t.co/ZIOqewBv7D","1867954637300719872","https://pbs.twimg.com/ext_tw_video_thumb/1867954595412295680/pu/img/-KbWkcZ_nfgdBAKd.jpg","geloraco","in","neverland","5","13","80","https://x.com/jijirnyinyir/status/1867954637300719872","1047680225138466816","jijirnyinyir"
"1867568095981973546","Fri Dec 13 13:51:46 +0000 2024","1471","Rencana jahat Mulyono !! https://t.co/cha1GPgVZy","1867568095981973546","https://pbs.twimg.com/ext_tw_video_thumb/1867567107548098560/pu/img/l_WDvUx47Nxtg_gv.jpg","","in","Wakanda","35","79","681","https://x.com/List3a_/status/1867568095981973546","1702971286392315904","List3a_"
"1867807563972219321","Sat Dec 14 05:43:20 +0000 2024","629","*Ini dia info yang aktuil kenapa mulyono benci banget sama anies karena ijasah palsunya mau dibongkar waktu itu sama si anies* https://t.co/X2wfPtRZCF","1867807563972219321","https://pbs.twimg.com/ext_tw_video_thumb/1867807528329129986/pu/img/Cgkf83-9BwOOf5R8.jpg","","in","Jakarta Capital Region","8","7","298","https://x.com/BarisanPemudaRI/status/1867807563972219321","87901651","BarisanPemudaRI"
"1859855007933399045","Fri Nov 22 07:02:42 +0000 2024","56815","Mulyono ga pernah ke Buckingham Palace. https://t.co/FL9Xl7MYP5","1859855007933399045","https://pbs.twimg.com/media/Gc-IRPxaAAAK-UG.jpg","","in","","616","826","4870","https://x.com/CVNKJL/status/1859855007933399045","1303591300290080768","CVNKJL"
"1867738236103406071","Sat Dec 14 01:07:51 +0000 2024","1322","SEMOGA YG DIKATAKAN PAK GATOT NURMANTYO INI BENAR ️ SUDAH ENEG RASANYA LIHAT MULYONO DAN FUFUFAFA https://t.co/m0p6lTqToE","1867738236103406071","https://pbs.twimg.com/ext_tw_video_thumb/1867738207305211904/pu/img/6XfopDrt2fH5uaPD.jpg","","in","","7","24","485","https://x.com/Boediantar4/status/1867738236103406071","1383750727575605257","Boediantar4"
"1865590463308460307","Sun Dec 08 02:53:22 +0000 2024","289","PESAN ALMARHUM MULYONO....‼️ #ManaIjazahSMAGibran #ManaIjazahSMAGibran 🆘🆗 https://t.co/L33Ye8u3NO","1865590463308460307","https://pbs.twimg.com/ext_tw_video_thumb/1865590326867664896/pu/img/dgRD10e-2XMKsLKL.jpg","","ht","","5","4","193","https://x.com/ArdieSuhardi321/status/1865590463308460307","1773641343858024448","ArdieSuhardi321"
"1860145124799578192","Sat Nov 23 02:15:32 +0000 2024","7985","semoga calon Mulyono kalah di Pilkada Jakarta 2024 https://t.co/PbzZi07irF","1860145124799578192","https://pbs.twimg.com/media/GdCP_CFagAAP5pX.jpg","","in","","151","314","1002","https://x.com/Piyusaja2/status/1860145124799578192","1610273431454625792","Piyusaja2"
"1867491927530377356","Fri Dec 13 08:49:06 +0000 2024","754","Mul Mulyono @jokowi lo diledek Mak Banteng noh lawan Mul jan diem² bae Tapi ngomong² lo udah gak didukung oligarki emang berani awut-awut PDIP Mul? Apalagi di Jakarta lo bukan siapa² lagi Mul fufufafa aja cuma bisa bagi² susu tok https://t.co/RwO2nSIz2O","1867491927530377356","https://pbs.twimg.com/ext_tw_video_thumb/1867491242411700224/pu/img/DC8w6c-SNSde_jQ_.jpg","","in","🦉🤍","2","14","264","https://x.com/AnKiiim_/status/1867491927530377356","1603276472814567425","AnKiiim_"
"1867922803917570291","Sat Dec 14 13:21:15 +0000 2024","11","Mulyono perusak negara https://t.co/18P1ioAWdX","1867922803917570291","https://pbs.twimg.com/media/Gewx49_bsAAvpUO.jpg","","in","","0","2","2","https://x.com/hipohan/status/1867922803917570291","227320530","hipohan"
"1867385382050181564","Fri Dec 13 01:45:44 +0000 2024","13","Perubahan aturan konstitusi sangat dipaksakan untuk mengakomodasi kepentingan keluarga Mulyono adalah bentuk gaya kepemimpinan otoriter nepotis dan manipulatif yang akhirnya membuka jalan bagi Fufufafa menjadi wapres _____ #FufufafaMakzulkan #FufufafaMakzulkan https://t.co/XAUIlcJ6gW","1867385382050181564","https://pbs.twimg.com/ext_tw_video_thumb/1867385359547740163/pu/img/E7wEWOtm0qq80LVb.jpg","","in","","0","0","9","https://x.com/arsyamoi/status/1867385382050181564","1667174534863101957","arsyamoi"
"1867484088770474410","Fri Dec 13 08:17:57 +0000 2024","529","Istana (Mulyono) sengaja memberangkatkan Yaqut keluar negeri untuk menghindari kejaran Pansus Haji/DPR...??? Wakwawww.... https://t.co/Y2tkCaf9GL","1867484088770474410","https://pbs.twimg.com/ext_tw_video_thumb/1867484026921267205/pu/img/_EsnRorL94OLi1LI.jpg","","in","","3","19","201","https://x.com/BebySoSweet/status/1867484088770474410","1708495620376571904","BebySoSweet"
"1867838411782164815","Sat Dec 14 07:45:54 +0000 2024","10","Audit IKN dan Periksa Mulyono! https://t.co/QwWSxfaesw","1867838411782164815","https://pbs.twimg.com/ext_tw_video_thumb/1867838376663298049/pu/img/Bn0YcJINTLZR5ABa.jpg","","in","Jakarta Capital Region","0","1","6","https://x.com/LordBugis/status/1867838411782164815","1432880079843987459","LordBugis"
"1848155195840385099","Mon Oct 21 00:11:50 +0000 2024","101223","mulyono s biggest failure https://t.co/5gGqdb2dj1","1848155195840385099","https://pbs.twimg.com/media/GaX3WrObMAAABh5.jpg","","en","twitterville","3623","1978","26008","https://x.com/sociotalker/status/1848155195840385099","115438018","sociotalker"
"1826875818825417182","Fri Aug 23 06:55:11 +0000 2024","11569"," Mending dikatain anak abah yagesya daripada dikatain ANAK HARAM KONSTITUSI / ANAK MULYONO https://t.co/V2TFRwp9m8","1826875818825417182","https://pbs.twimg.com/media/GVpd4BFXsAA9Y5N.jpg","","in","Indonesia","150","771","2989","https://x.com/tanyakanrl/status/1826875818825417182","1331650559518990336","tanyakanrl"
"1865570751874769093","Sun Dec 08 01:35:02 +0000 2024","1771","Mari kita ulang ulang dengar lagi biar nggak lupa kelakuan Mulyono https://t.co/ENZGC0dMbn","1865570751874769093","https://pbs.twimg.com/ext_tw_video_thumb/1865570707742306304/pu/img/2TPotJOyp5RcpZim.jpg","","in","DKI Jakarta, Indonesia🇲🇨","18","27","813","https://x.com/ommi_siregar/status/1865570751874769093","1429787631496220677","ommi_siregar"
"1867537916509270429","Fri Dec 13 11:51:51 +0000 2024","166","Waduh kacau Antek mulyono... https://t.co/XfVjBg5h9D","1867537916509270429","https://pbs.twimg.com/media/GerT1jgbAAATsPH.jpg","","in","Lisbon, Portugal","5","54","69","https://x.com/opposite6892/status/1867537916509270429","1558329561783607296","opposite6892"
"1867924657602769004","Sat Dec 14 13:28:37 +0000 2024","175","Satu per satu akan terbuka kebusukan mulyono... https://t.co/arpD8C25DM","1867924657602769004","https://pbs.twimg.com/ext_tw_video_thumb/1867924547749728256/pu/img/pa4Xtb7RLWgt1ghe.jpg","","in","","1","6","99","https://x.com/Boediantar4/status/1867924657602769004","1383750727575605257","Boediantar4"
"1830523492363874789","Mon Sep 02 08:29:44 +0000 2024","8235","Mulyono zaman dulu ... https://t.co/S1qnbrmbdw","1830523492363874789","https://pbs.twimg.com/ext_tw_video_thumb/1830523398478585856/pu/img/j6WlBOzJkN8_MW4m.jpg","","in","","251","318","1787","https://x.com/Boediantar4/status/1830523492363874789","1383750727575605257","Boediantar4"
"1854058914020729254","Wed Nov 06 07:11:06 +0000 2024","18721","...Siapa yg buat ini? Niat banget demi Mulyono dan Fufufafa... (`` ) https://t.co/KWMw3iKMP3","1854058914020729254","https://pbs.twimg.com/ext_tw_video_thumb/1854054660115755008/pu/img/PMFiyUEVfG1mCndW.jpg","","in","Bukan Penganut Agama Islam","597","712","7326","https://x.com/kafiradikalis/status/1854058914020729254","1242374351078354944","kafiradikalis"
